age_group,SAE,death,tot_doses,p_sae_vacc,p_death_vacc,p_sae_nat,p_death_nat
1-11,,,,0.0001821,0,0.03991893,0.000344965
12-17,,,,0.0001821,0,0.03098937,0.0004348
18-64,6,0,32949,0.0001821,0,0.0286211,0.000787181
65+,19,1,18445,0.001084305,0.000054215,0.01215463,0.001758963
